Symbol,Security Name
SIFY,Sify Technologies Limited - American Depository Shares
SIGA,SIGA Technologies Inc. - Common Stock
SIGI,"Selective Insurance Group, Inc. - Common Stock"
SIGIP,"Selective Insurance Group, Inc. - Depositary Shares, each representing a 1/1,000th interest in a share of 4.60% Non-Cumulative Preferred Stock, Series B"
SILC,Silicom Ltd - Ordinary Shares
SILO,"Silo Pharma, Inc. - Common Stock"
SIMA,SIM Acquisition Corp. I - Class A Ordinary Shares
SIMAU,SIM Acquisition Corp. I - Unit
SIMAW,SIM Acquisition Corp. I - Warrant
SIMO,"Silicon Motion Technology Corporation - American Depositary Shares, each representing four ordinary shares"
SINT,"SiNtx Technologies, Inc. - Common Stock"
SION,"Sionna Therapeutics, Inc. - Common Stock"
SIRI,SiriusXM Holdings Inc. - Common Stock
SISI,"Shineco, Inc. - Common Stock"
SITM,SiTime Corporation - Common Stock
SIXG,Defiance Connective Technologies ETF
SJ,Scienjoy Holding Corporation - Class A Ordinary Shares
SJCP,SanJac Alpha Core Plus Bond ETF
SJLD,SanJac Alpha Low Duration ETF
SKBL,Skyline Builders Group Holding Limited - Class A Ordinary Shares
SKIN,The Beauty Health Company - Class A Common Stock
SKK,SKK Holdings Limited - Ordinary Shares
SKOR,FlexShares Credit-Scored US Corporate Bond Index Fund
SKRE,Tuttle Capital Daily 2X Inverse Regional Banks ETF
SKWD,"Skyward Specialty Insurance Group, Inc. - Common Stock"
SKYE,"Skye Bioscience, Inc. - Common Stock"
SKYQ,Sky Quarry Inc. - Common Stock
SKYT,"SkyWater Technology, Inc. - Common Stock"
SKYU,ProShares Ultra Cloud Computing
SKYW,"SkyWest, Inc. - Common Stock"
SKYX,SKYX Platforms Corp. - Common Stock
SKYY,First Trust Cloud Computing ETF
SLAB,"Silicon Laboratories, Inc. - Common Stock"
SLDB,Solid Biosciences Inc. - Common Stock
SLDE,"Slide Insurance Holdings, Inc. - Common Stock"
SLDP,"Solid Power, Inc. - Class A Common Stock"
SLDPW,"Solid Power, Inc. - Warrant"
SLE,"Super League Enterprise, Inc. - Common Stock"
SLGL,Sol-Gel Technologies Ltd. - Ordinary Shares
SLM,SLM Corporation - Common Stock
SLMBP,"SLM Corporation - Floating Rate Non-Cumulative Preferred Stock, Series B"
SLN,Silence Therapeutics Plc - American Depository Share
SLNG,"Stabilis Solutions, Inc. - Common Stock"
SLNH,"Soluna Holdings, Inc. - Common Stock"
SLNHP,"Soluna Holdings, Inc. - 9.0% Series A Cumulative Perpetual Preferred Stock"
SLNO,"Soleno Therapeutics, Inc. - Common Stock"
SLP,"Simulations Plus, Inc. - Common Stock"
SLQD,iShares 0-5 Year Investment Grade Corporate Bond ETF
SLRC,SLR Investment Corp. - Closed End Fund
SLRX,"Salarius Pharmaceuticals, Inc. - Common Stock"
SLS,"SELLAS Life Sciences Group, Inc.  - Common Stock"
SLSN,"Solesence, Inc. - Common stock"
SLVO,"ETRACS Silver Shares Covered Call ETNs due April 21, 2033"
SLVR,Sprott Silver Miners & Physical Silver ETF
SLXN,Silexion Therapeutics Corp - Ordinary Shares
SLXNW,Silexion Therapeutics Corp - Warrant
SMBC,"Southern Missouri Bancorp, Inc. - Common Stock"
SMCC,Defiance Leveraged Long + Income SMCI ETF
SMCF,Themes US Small Cap Cash Flow Champions ETF
SMCI,"Super Micro Computer, Inc. - Common Stock"
SMCL,GraniteShares 2x Long SMCI Daily ETF
SMCO,Hilton Small-MidCap Opportunity ETF
SMCX,Defiance Daily Target 2X Long SMCI ETF
SMCZ,Defiance Daily Target 2X Short SMCI ETF
SMH,VanEck Semiconductor ETF
SMHX,VanEck Fabless Semiconductor ETF
SMID,Smith-Midland Corporation - Common Stock
SMLR,"Semler Scientific, Inc. - Common Stock"
SMMT,Summit Therapeutics Inc.  - Common Stock
SMPL,The Simply Good Foods Company - Common Stock
SMRI,Bushido Capital US Equity ETF
SMSI,"Smith Micro Software, Inc. - Common Stock"
SMST,Defiance Daily Target 2x Short MSTR ETF
SMTC,Semtech Corporation - Common Stock
SMTI,Sanara MedTech Inc. - Common Stock
SMTK,"SmartKem, Inc. - Common Stock"
SMX,SMX (Security Matters) Public Limited Company - Class A Ordinary Shares
SMXT,Solarmax Technology Inc. - Common Stock
SMXWW,SMX (Security Matters) Public Limited Company - Warrant
SNAL,"Snail, Inc. - Class A Common Stock"
SNBR,Sleep Number Corporation - Common Stock
SNCR,"Synchronoss Technologies, Inc. - Common Stock"
SNCY,"Sun Country Airlines Holdings, Inc. - Common Stock"
SND,"Smart Sand, Inc. - Common Stock"
SNDK,Sandisk Corporation - Common Stock
SNDL,SNDL Inc. - Common Shares
SNDX,"Syndax Pharmaceuticals, Inc. - Common Stock"
SNES,"SenesTech, Inc. - Common Stock"
SNEX,StoneX Group Inc. - Common Stock
SNFCA,Security National Financial Corporation - Class A Common Stock
SNGX,"Soligenix, Inc. - Common Stock"
SNOA,"Sonoma Pharmaceuticals, Inc. - Common Stock"
SNPS,"Synopsys, Inc. - Common Stock"
SNSE,"Sensei Biotherapeutics, Inc. - Common Stock"
SNSR,Global X Internet of Things ETF
SNT,Senstar Technologies Corporation - Common Shares
SNTG,Sentage Holdings Inc. - Class A Ordinary Shares
SNTI,"Senti Biosciences, Inc.  - Common Stock"
SNWV,"SANUWAVE Health, Inc. - Common Stock"
SNY,Sanofi - American Depositary Shares
SNYR,Synergy CHC Corp. - Common Stock
SOBR,"SOBR Safe, Inc. - Common Stock"
SOCAU,Solarius Capital Acquisition Corp. - Units
SOCL,Global X Social Media ETF
SOFI,"SoFi Technologies, Inc.  - Common Stock"
SOFX,Defiance Daily Target 2X Long SOFI ETF
SOGP,Sound Group Inc. - American Depositary Shares
SOHO,Sotherly Hotels Inc. - Common Stock
SOHOB,Sotherly Hotels Inc. - 8.0% Series B Cumulative Redeemable Perpetual Preferred Stock
SOHON,Sotherly Hotels Inc. - 8.25% Series D Cumulative Redeemable Perpetual Preferred Stock
SOHOO,Sotherly Hotels Inc. - 7.875% Series C Cumulative Redeemable Perpetual Preferred Stock
SOHU,Sohu.com Limited  - American Depositary Shares
SOLT,2x Solana ETF
SOLZ,Solana ETF
SOND,Sonder Holdings Inc. - Class A Common Stock
SONDW,Sonder Holdings Inc. - Warrants
SONM,"Sonim Technologies, Inc. - Common Stock"
SONN,"Sonnet BioTherapeutics Holdings, Inc. - Common Stock"
SONO,"Sonos, Inc. - Common Stock"
SOPA,Society Pass Incorporated - Common Stock
SOPH,SOPHiA GENETICS SA - Ordinary Shares
SORA,AsiaStrategy - Ordinary Shares
SOTK,Sono-Tek Corporation - Common Stock
SOUN,"SoundHound AI, Inc. - Class A Common Stock"
SOUNW,"SoundHound AI, Inc. - Warrant"
SOUX,Defiance Daily Target 2X Long SOUN ETF
SOWG,Sow Good Inc. - Common Stock
SOXQ,Invesco PHLX Semiconductor ETF
SOXX,iShares Semiconductor ETF
SPAI,Safe Pro Group Inc. - Common Stock
SPAM,Themes Cybersecurity ETF
SPAQ,Horizon Kinetics SPAC Active ETF
SPBC,Simplify US Equity PLUS Bitcoin Strategy ETF
SPC,CrossingBridge Pre-Merger SPAC ETF
SPCB,"SuperCom, Ltd. - Ordinary Shares"
SPCX,SPAC and New Issue ETF
SPCY,STKd 100% SMCI & 100% NVDA ETF
SPEGU,Silver Pegasus Acquisition Corp - Unit
SPFI,"South Plains Financial, Inc. - Common Stock"
SPHL,Springview Holdings Ltd - Ordinary shares
SPKL,Spark I Acquisition Corp. - Class A Ordinary Share
SPKLU,Spark I Acquisition Corp. - Unit
SPKLW,Spark I Acquisition Corp. - Warrant
SPNS,Sapiens International Corporation N.V. - Common Shares
SPOK,"Spok Holdings, Inc. - Common Stock"
SPPL,SIMPPLE LTD. - Ordinary Shares
SPRC,SciSparc Ltd. - Ordinary Shares
SPRO,"Spero Therapeutics, Inc. - Common Stock"
SPRX,Spear Alpha ETF
SPRY,"ARS Pharmaceuticals, Inc. - Common Stock"
SPSC,"SPS Commerce, Inc. - Common Stock"
SPT,"Sprout Social, Inc - Class A Common Stock"
SPTN,SpartanNash Company - Common Stock
SPWH,"Sportsman's Warehouse Holdings, Inc. - Common Stock"
SPWR,"Complete Solaria, Inc. - Common Stock"
SPWRW,"Complete Solaria, Inc. - Warrant"
SPXD,Xtrackers S&P 500 Diversified Sector Weight ETF
SPYQ,Tradr 2X Long SPY Quarterly ETF
SQFT,"Presidio Property Trust, Inc. - Class A Common Stock"
SQFTP,"Presidio Property Trust, Inc. - 9.375% Series D Cumulative Redeemable Perpetual Preferred Stock, $0.01 par value per share"
SQFTW,"Presidio Property Trust, Inc. - Series A Common Stock Purchase Warrants"
SQLV,Royce Quant Small-Cap Quality Value ETF
SQQQ,ProShares UltraPro Short QQQ
SRAD,Sportradar Group AG - Class A Ordinary Shares
SRBK,"SR Bancorp, Inc. - Common stock"
SRCE,1st Source Corporation - Common Stock
SRDX,"Surmodics, Inc. - Common Stock"
SRET,Global X SuperDividend REIT ETF
SRPT,"Sarepta Therapeutics, Inc. - Common Stock"
SRRK,Scholar Rock Holding Corporation - Common Stock
SRTA,"Strata Critical Medical, Inc. - Class A Common Stock"
SRTAW,"Strata Critical Medical, Inc. - Warrants"
SRTS,"Sensus Healthcare, Inc. - Common Stock"
SRZN,"Surrozen, Inc. - Common Stock"
SRZNW,"Surrozen, Inc. - Warrant"
SSBI,Summit State Bank - Common Stock
SSEAU,Starry Sea Acquisition Corp - Unit
SSII,SS Innovations International Inc. - Common Stock
SSKN,"Strata Skin Sciences, Inc. - Common Stock"
SSNC,"SS&C Technologies Holdings, Inc. - Common Stock"
SSP,E.W. Scripps Company (The) - Class A Common Stock
SSRM,SSR Mining Inc. - Common Stock
SSSS,SuRo Capital Corp. - Closed End Fund
SSSSL,SuRo Capital Corp. - 6.00% Notes due 2026
SSTI,"SoundThinking, Inc. - Common Stock"
SSYS,"Stratasys, Ltd. - Common Stock"
STAA,STAAR Surgical Company - Common Stock
STAI,ScanTech AI Systems Inc. - Common stock
STAK,STAK Inc. - Class A Ordinary Shares
STBA,"S&T Bancorp, Inc. - Common Stock"
STEC,Santech Holdings Limited - American Depositary Shares
STEP,StepStone Group Inc. - Class A Common Stock
STFS,Star Fashion Culture Holdings Limited - Class A Ordinary Shares
STGW,Stagwell Inc. - Class A Common Stock
STHO,Star Holdings - Shares of Beneficial Interest
STI,"Solidion Technology, Inc. - Common Stock"
STIM,"Neuronetics, Inc. - Common Stock"
STKH,Steakholder Foods Ltd. - American Depositary Shares
STKL,"SunOpta, Inc. - Common Stock"
STKS,"The ONE Group Hospitality, Inc. - Common Stock"
STLD,"Steel Dynamics, Inc. - Common Stock"
STNC,Hennessy Sustainable ETF
STNE,StoneCo Ltd. - Class A Common Share
STOK,"Stoke Therapeutics, Inc. - Common Stock"
STRA,"Strategic Education, Inc. - Common Stock"
STRC,Strategy Inc - Variable Rate Series A Perpetual Stretch Preferred Stock
STRD,Strategy Inc - 10.00% Series A Perpetual Stride Preferred Stock
STRF,Strategy Inc - 10.00% Series A Perpetual Strife Preferred Stock
STRK,Strategy Inc - 8.00% Series A Perpetual Strike Preferred Stock
STRL,"Sterling Infrastructure, Inc. - Common Stock"
STRO,"Sutro Biopharma, Inc. - Common Stock"
STRS,Stratus Properties Inc. - Common Stock
STRT,STRATTEC SECURITY CORPORATION - Common Stock
STRZ,Starz Entertainment Corp. - Common Shares
STSS,Sharps Technology Inc. - Common Stock
STSSW,Sharps Technology Inc. - Warrant
STTK,"Shattuck Labs, Inc. - Common Stock"
STX,Seagate Technology Holdings PLC - Ordinary Shares (Ireland)
SUGP,SU Group Holdings Limited - Ordinary Shares
SUIG,Sui Group Holdings Limited - Common Stock
SUNE,"SUNation Energy, Inc. - Common Stock"
SUNS,"Sunrise Realty Trust, Inc. - Common Stock"
SUPN,"Supernus Pharmaceuticals, Inc. - Common Stock"
SUPP,TCW Transform Supply Chain ETF
SUPX,Super X AI Technology Limited - Ordinary Shares
SURG,"SurgePays, Inc. - Common Stock"
SUSB,iShares ESG Aware 1-5 Year USD Corporate Bond ETF
SUSC,iShares ESG Aware USD Corporate Bond ETF
SUSL,iShares ESG MSCI USA Leaders ETF
SUUN,PowerBank Corporation - Common Stock
SVA,"Sinovac Biotech, Ltd. - Ordinary Shares (Antigua/Barbudo)"
SVC,Service Properties Trust - Shares of Beneficial Interest
SVCC,Stellar V Capital Corp. - Class A Ordinary Shares
SVCCU,Stellar V Capital Corp. - Unit
SVCCW,Stellar V Capital Corp. - Warrant
SVCO,"Silvaco Group, Inc. - Common Stock"
SVII,Spring Valley Acquisition Corp. II - Class A Ordinary Shares
SVIIR,Spring Valley Acquisition Corp. II - Rights
SVIIU,Spring Valley Acquisition Corp. II - Units
SVIIW,Spring Valley Acquisition Corp. II - Warrant
SVRA,"Savara, Inc. - Common Stock"
SVRE,SaverOne 2014 Ltd. - American Depositary Shares
SVREW,SaverOne 2014 Ltd. - Warrant
SWAG,"Stran & Company, Inc. - Common Stock"
SWAGW,"Stran & Company, Inc. - Warrant"
SWBI,"Smith & Wesson Brands, Inc. - Common Stock"
SWIM,"Latham Group, Inc. - Common Stock"
SWIN,Solowin Holdings - Class A Ordinary Share
SWKH,SWK Holdings Corporation - Common Stock
SWKHL,SWK Holdings Corporation - 9.00% Senior Notes due 2027
SWKS,"Skyworks Solutions, Inc. - Common Stock"
SWP,SWP Growth & Income ETF
SWVL,Swvl Holdings Corp - Ordinary Shares
SWVLW,Swvl Holdings Corp - Warrant
SXTC,"China SXT Pharmaceuticals, Inc. - Common Stock"
SXTP,"60 Degrees Pharmaceuticals, Inc. - Common Stock"
SXTPW,"60 Degrees Pharmaceuticals, Inc. - Warrant"
SY,So-Young International Inc. - American Depository Shares
SYBT,"Stock Yards Bancorp, Inc. - Common Stock"
SYBX,"Synlogic, Inc. - Common Stock"
SYM,Symbotic Inc. - Class A Common Stock
SYNA,Synaptics Incorporated - Common Stock
SYPR,"Sypris Solutions, Inc. - Common Stock"
SYRE,"Spyre Therapeutics, Inc. - Common Stock"
SYTA,"Siyata Mobile, Inc. - Common Shares"
SYTAW,"Siyata Mobile, Inc. - Warrant"
SZZL,Sizzle Acquisition Corp. II - Class A ordinary shares
SZZLR,Sizzle Acquisition Corp. II - Right
SZZLU,Sizzle Acquisition Corp. II - Unit
TACH,Titan Acquisition Corp. - Class A Ordinary Shares
TACHU,Titan Acquisition Corp. - Units
TACHW,Titan Acquisition Corp. - Warrants
TACO,Berto Acquisition Corp. - Ordinary Shares
TACOU,Berto Acquisition Corp. - unit
TACOW,Berto Acquisition Corp. - Warrant
TACT,TransAct Technologies Incorporated - Common Stock
TAIT,Taitron Components Incorporated - Class A Common Stock
TALK,"Talkspace, Inc. - Common Stock"
TALKW,"Talkspace, Inc. - Warrant"
TANH,Tantech Holdings Ltd. - Common Shares
TAOP,Taoping Inc. - Ordinary Shares
TAOX,Tao Synergies Inc. - Common Stock
TARA,"Protara Therapeutics, Inc.  - Common Stock"
TARK,Tradr 2X Long Innovation ETF
TARS,"Tarsus Pharmaceuticals, Inc. - Common Stock"
TASK,"TaskUs, Inc. - Class A Common Stock"
TATT,TAT Technologies Ltd. - Ordinary Shares
TAVI,Tavia Acquisition Corp. - Ordinary Shares
TAVIR,Tavia Acquisition Corp. - Right
TAVIU,Tavia Acquisition Corp. - Unit
TAX,Cambria Tax Aware ETF
TAXE,Intermediate Municipal Income ETF
TAXI,Northern Trust Intermediate Tax-Exempt Bond ETF
TAXS,Northern Trust Short-Term Tax-Exempt Bond ETF
TAXT,Northern Trust Tax-Exempt Bond ETF
TAYD,"Taylor Devices, Inc. - Common Stock"
TBBK,"The Bancorp, Inc. - Common Stock"
TBCH,Turtle Beach Corporation - Common Stock
TBH,"Brag House Holdings, Inc. - Common Stock"
TBHC,"The Brand House Collective, Inc - Common Stock"
TBIL,US Treasury 3 Month Bill ETF
TBLA,Taboola.com Ltd. - Ordinary Shares
TBLAW,Taboola.com Ltd. - Warrant
TBLD,Thornburg Income Builder Opportunities Trust - Closed End Fund
TBMC,Trailblazer Merger Corporation I - Class A Common Stock
TBMCR,Trailblazer Merger Corporation I - Rights
TBPH,"Theravance Biopharma, Inc. - Ordinary Shares"
TBRG,"TruBridge, Inc. - Common Stock"
TC,Token Cat Limited - American Depositary Shares
TCBI,"Texas Capital Bancshares, Inc. - Common Stock"
TCBIO,"Texas Capital Bancshares, Inc. - Depositary Shares 5.75% Fixed Rate Non-Cumulative Perpetual Preferred Stock Series B"
TCBK,TriCo Bancshares - Common Stock
TCBS,"Texas Community Bancshares, Inc. - Common Stock"
TCBX,"Third Coast Bancshares, Inc. - Common Stock"
TCHI,iShares MSCI China Multisector Tech ETF
TCMD,"Tactile Systems Technology, Inc. - Common Stock"
TCOM,Trip.com Group Limited - American Depositary Shares
TCPC,BlackRock TCP Capital Corp. - Closed End Fund
TCRT,"Alaunos Therapeutics, Inc. - Common Stock"
TCRX,"TScan Therapeutics, Inc. - Common Stock"
TCX,Tucows Inc. - Common Stock
TDAC,Translational Development Acquisition Corp. - Ordinary Shares
TDACU,Translational Development Acquisition Corp. - Units
TDACW,Translational Development Acquisition Corp. - Warrants
TDI,Touchstone Dynamic International ETF
TDIC,Dreamland Limited - Class A Ordinary Shares
TDIV,First Trust NASDAQ Technology Dividend Index Fund
TDSB,ETC Cabana Target Beta ETF
TDSC,ETC Cabana Target Drawdown 10 ETF
TDTH,Trident Digital Tech Holdings Ltd - American Depository Shares
TDUP,ThredUp Inc. - Class A Common Stock
TEAD,Teads Holding Co. - Common Stock
TEAM,Atlassian Corporation  - Class A Common Stock
TECH,Bio-Techne Corp - Common Stock
TECTP,"Tectonic Financial, Inc. - 9.00% Fixed-to-Floating Rate Series B Non-Cumulative Perpetual Preferred Stock"
TECX,"Tectonic Therapeutic, Inc. - Common Stock"
TEKX,SPDR Galaxy Transformative Tech Accelerators ETF
TEKY,Lazard Next Gen Technologies ETF
TELA,"TELA Bio, Inc. - Common stock"
TELO,"Telomir Pharmaceuticals, Inc. - Common Stock"
TEM,"Tempus AI, Inc. - Class A Common Stock"
TENB,"Tenable Holdings, Inc. - Common Stock"
TENX,"Tenax Therapeutics, Inc. - Common Stock"
TER,"Teradyne, Inc. - Common Stock"
TERN,"Terns Pharmaceuticals, Inc. - Common Stock"
TEXN,iShares Texas Equity ETF
TFNS,T. Rowe Price Financials ETF
TFSL,TFS Financial Corporation - Common Stock
TGHL,The GrowHub Limited - Class A Ordinary Shares
TGL,Treasure Global Inc. - Common Stock
TGTX,"TG Therapeutics, Inc. - Common Stock"
TH,Target Hospitality Corp. - Common Stock
THAR,"Tharimmune, Inc. - Common Stock"
THCH,TH International Limited - Ordinary shares
THFF,First Financial Corporation  - Common Stock
THH,TryHard Holdings Limited - Ordinary Shares
THMZ,Lazard Equity Megatrends ETF
THRM,Gentherm Inc - Common Stock
THRY,"Thryv Holdings, Inc. - Common Stock"
THTX,Theratechnologies Inc. - Common Shares
TIGO,Millicom International Cellular S.A. - Common Stock
TIGR,UP Fintech Holding Limited - American Depositary Shares representing fifteen Class A Ordinary Shares
TIL,"Instil Bio, Inc. - Common Stock"
TILE,"Interface, Inc. - Common Stock"
TIPT,Tiptree Inc. - Common Stock
TIRX,TIAN RUIXIANG Holdings Ltd - Class A Ordinary Shares
TITN,Titan Machinery Inc. - Common Stock
TIVC,"Tivic Health Systems, Inc. - Common stock"
TKLF,"Tokyo Lifestyle Co., Ltd. - American Depositary Shares"
TKNO,"Alpha Teknova, Inc. - Common Stock"
TLF,"Tandy Leather Factory, Inc. - common stock"
TLIH,Ten-League International Holdings Limited - Ordinary Shares
TLN,Talen Energy Corporation - Common Stock
TLPH,"Talphera, Inc. - Common Stock"
TLRY,"Tilray Brands, Inc. - Common Stock"
TLS,Telos Corporation - Common Stock
TLSA,Tiziana Life Sciences Ltd - Common Shares
TLSI,"TriSalus Life Sciences, Inc. - Common Stock"
TLSIW,"TriSalus Life Sciences, Inc. - Warrant"
TLT,iShares 20+ Year Treasury Bond ETF
TLX,Telix Pharmaceuticals Limited - American Depositary Shares
TMB,Thornburg Multi Sector Bond ETF
TMC,TMC the metals company Inc. - Common Stock
TMCI,"Treace Medical Concepts, Inc. - Common Stock"
TMCWW,TMC the metals company Inc. - Warrant
TMDX,"TransMedics Group, Inc. - Common Stock"
TMED,T. Rowe Price Health Care ETF
TMET,iShares Transition-Enabling Metals ETF
TMUS,"T-Mobile US, Inc. - Common Stock"
TMUSI,"T-Mobile US, Inc. - 5.500% Senior Notes due June 2070"
TMUSL,"T-Mobile US, Inc. - 6.250% Senior Notes due 2069"
TMUSZ,"T-Mobile US, Inc. - 5.500% Senior Notes due March 2070"
TNDM,"Tandem Diabetes Care, Inc. - Common Stock"
TNFA,"TNF Pharmaceuticals, Inc.  - Common Stock"
TNGX,"Tango Therapeutics, Inc. - Common Stock"
TNMG,TNL Mediagene - Ordinary Shares
TNON,"Tenon Medical, Inc. - Common Stock"
TNONW,"Tenon Medical, Inc. - Warrant"
TNXP,Tonix Pharmaceuticals Holding Corp. - Common Stock
TNYA,"Tenaya Therapeutics, Inc. - Common Stock"
TOI,"The Oncology Institute, Inc. - Common Stock"
TOIIW,"The Oncology Institute, Inc. - Warrant"
TOMZ,"TOMI Environmental Solutions, Inc. - Common Stock"
TOP,TOP Financial Group Limited - Class A Ordinary Shares
TORO,Toro Corp. - Common stock
TOUR,Tuniu Corporation - American Depositary Shares
TOWN,Towne Bank - Common Stock
TOYO,"TOYO Co., Ltd - Ordinary Shares"
TPCS,TechPrecision Corporation - Common stock
TPG,TPG Inc. - Class A Common Stock
TPGXL,TPG Inc. - 6.950% Fixed-Rate Junior Subordinated Notes due 2064
TPLS,Thornburg Core Plus Bond ETF
TPST,"Tempest Therapeutics, Inc. - Common Stock"
TQQQ,ProShares UltraPro QQQ
TQQY,GraniteShares YieldBOOST QQQ ETF
TRAW,"Traws Pharma, Inc. - Common Stock"
TRDA,"Entrada Therapeutics, Inc. - Common Stock"
TREE,"LendingTree, Inc. - Common Stock"
TRI,Thomson Reuters Corp - Common Shares
TRIB,Trinity Biotech plc - American Depositary Shares
TRIN,Trinity Capital Inc. - Common Stock
TRINI,Trinity Capital Inc. - 7.875% Notes Due 2029
TRINZ,Trinity Capital Inc. - 7.875% Notes due 2029
TRIP,"TripAdvisor, Inc. - Common Stock"
TRMB,Trimble Inc. - Common Stock
TRMD,TORM plc - Class A Common Stock
TRMK,Trustmark Corporation - Common Stock
TRML,"Tourmaline Bio, Inc.  - Common Stock"
TRNR,Interactive Strength Inc. - Common Stock
TRNS,"Transcat, Inc. - Common Stock"
TRON,Tron Inc. - Common Stock
TROO,"TROOPS, Inc.  - Ordinary Shares"
TROW,"T. Rowe Price Group, Inc. - Common Stock"
TRS,TriMas Corporation - Common Stock
TRSG,Tungray Technologies Inc - Class A Ordinary Shares
TRST,TrustCo Bank Corp NY - Common Stock
TRUD,VanEck Consumer Discretionary TruSector ETF
TRUG,"TruGolf Holdings, Inc. - Class A Common Stock"
TRUP,"Trupanion, Inc. - Common Stock"
TRUT,VanEck Technology TruSector ETF
TRVG,trivago N.V. - American Depositary Shares
TRVI,"Trevi Therapeutics, Inc. - Common Stock"
TSAT,Telesat Corporation - Class A Common Shares and Class B Variable Voting Shares
TSBK,"Timberland Bancorp, Inc. - Common Stock"
TSCO,Tractor Supply Company - Common Stock
TSDD,GraniteShares 2x Short TSLA Daily ETF
TSEL,Touchstone Sands Capital US Select Growth ETF
TSEM,Tower Semiconductor Ltd. - Ordinary Shares
TSHA,"Taysha Gene Therapies, Inc. - Common Stock"
TSL,GraniteShares 1.25x Long TSLA Daily ETF
TSLA,"Tesla, Inc.  - Common Stock"
TSLG,Leverage Shares 2X Long TSLA Daily ETF
TSLL,Direxion Daily TSLA Bull 2X Shares
TSLQ,Tradr 2X Short TSLA Daily ETF
TSLR,GraniteShares 2x Long TSLA Daily ETF
TSLS,Direxion Daily TSLA Bear 1X Shares
TSMG,Leverage Shares 2X Long TSM Daily ETF
TSMU,GraniteShares 2x Long TSM Daily ETF
TSMX,Direxion Daily TSM Bull 2X Shares
TSMZ,Direxion Daily TSM Bear 1X Shares
TSPY,TappAlpha SPY Growth & Daily Income ETF
TSSI,"TSS, Inc. - Common Stock"
TSYY,GraniteShares YieldBOOST TSLA ETF
TTAN,"ServiceTitan, Inc. - Class A Common Stock"
TTD,"The Trade Desk, Inc. - Class A Common Stock"
TTEC,"TTEC Holdings, Inc. - Common Stock"
TTEK,"Tetra Tech, Inc. - Common Stock"
TTEQ,T. Rowe Price Technology ETF
TTGT,"TechTarget, Inc. - Common Stock"
TTMI,"TTM Technologies, Inc. - Common Stock"
TTNP,"Titan Pharmaceuticals, Inc. - Common Stock"
TTSH,"Tile Shop Holdings, Inc. - Common Stock"
TTWO,"Take-Two Interactive Software, Inc. - Common Stock"
TUG,STF Tactical Growth ETF
TUGN,STF Tactical Growth & Income ETF
TUR,iShares MSCI Turkey ETF
TURB,"Turbo Energy, S.A. - American Depositary Shares"
TURF,T. Rowe Price Natural Resources ETF
TURN,180 Degree Capital Corp. - Closed End Fund
TUSK,"Mammoth Energy Services, Inc. - Common Stock"
TVA,Texas Ventures Acquisition III Corp - Class A Ordinary Share
TVACU,Texas Ventures Acquisition III Corp - Unit
TVACW,Texas Ventures Acquisition III Corp - Warrants
TVAI,Thayer Ventures Acquisition Corporation II - Class A Ordinary Shares
TVAIR,Thayer Ventures Acquisition Corporation II - Rights
TVAIU,Thayer Ventures Acquisition Corporation II - Unit
TVGN,Tevogen Bio Holdings Inc. - Common Stock
TVGNW,Tevogen Bio Holdings Inc. - Warrant
TVRD,"Tvardi Therapeutics, Inc. - Common Stock"
TVTX,"Travere Therapeutics, Inc. - Common Stock"
TW,Tradeweb Markets Inc. - Class A Common Stock
TWFG,"TWFG, Inc. - Common Stock"
TWG,Top Wealth Group Holding Limited - Class A Ordinary Shares
TWIN,"Twin Disc, Incorporated - Common Stock"
TWNP,Twin Hospitality Group Inc. - Class A Common Stock
TWST,Twist Bioscience Corporation - Common Stock
TXG,"10x Genomics, Inc. - Common Stock"
TXMD,"TherapeuticsMD, Inc. - Common Stock"
TXN,Texas Instruments Incorporated - Common Stock
TXRH,"Texas Roadhouse, Inc. - Common Stock"
TXSS,Texas Capital Texas Small Cap Equity Index ETF
TXUE,Thornburg International Equity ETF
TXUG,Thornburg International Growth Fund ETF
TYGO,"Tigo Energy, Inc. - Common Stock"
TYRA,"Tyra Biosciences, Inc. - Common Stock"
TZOO,Travelzoo - Common Stock
TZUP,Thumzup Media Corporation - Common Stock
UAE,iShares MSCI UAE ETF
UAL,"United Airlines Holdings, Inc. - Common Stock"
UBCP,"United Bancorp, Inc. - Common Stock"
UBFO,United Security Bancshares - Common Stock
UBND,VictoryShares Core Plus Intermediate Bond ETF
UBRL,GraniteShares 2x Long UBER Daily ETF
UBSI,"United Bankshares, Inc. - Common Stock"
UBXG,U-BX Technology Ltd. - Ordinary Shares
UCAR,U Power Limited - Class A Ordinary Shares
UCL,uCloudlink Group Inc. - American Depositary Shares
UCRD,VictoryShares Corporate Bond ETF
UCTT,"Ultra Clean Holdings, Inc. - Common Stock"
UCYB,ProShares Ultra Nasdaq Cybersecurity
UDMY,"Udemy, Inc. - Common Stock"
UEIC,Universal Electronics Inc. - Common Stock
UEVM,VictoryShares Emerging Markets Value Momentum ETF
UFCS,"United Fire Group, Inc - Common Stock"
UFG,Uni-Fuels Holdings Limited - Class A Ordinary Shares
UFIV,US Treasury 5 Year Note ETF
UFO,Procure Space ETF
UFPI,"UFP Industries, Inc. - Common Stock"
UFPT,"UFP Technologies, Inc. - Common Stock"
UG,"United-Guardian, Inc. - Common Stock"
UGRO,"urban-gro, Inc. - Common Stock"
UHG,"United Homes Group, Inc - Class A Common Stock"
UHGWW,"United Homes Group, Inc - Warrant"
UITB,VictoryShares Core Intermediate Bond ETF
UIVM,VictoryShares International Value Momentum ETF
UK,Ucommune International Ltd  - Ordinary Shares
UKOMW,Ucommune International Ltd  - Warrant expiring 11/17/2025
ULBI,Ultralife Corporation - Common Stock
ULCC,"Frontier Group Holdings, Inc. - Common Stock"
ULH,"Universal Logistics Holdings, Inc. - Common Stock"
ULTA,"Ulta Beauty, Inc. - Common Stock"
ULVM,VictoryShares US Value Momentum ETF
ULY,Urgent.ly Inc. - Common Stock
UMBF,UMB Financial Corporation - Common Stock
UMBFO,"UMB Financial Corporation - Depositary Shares Each Representing a 1/400th Interest in a Share of 7.750% Fixed-Rate Reset Non-Cumulative Perpetual Preferred Stock, Series B"
UMMA,Wahed Dow Jones Islamic World ETF
UNB,"Union Bankshares, Inc. - Common Stock"
UNCY,"Unicycive Therapeutics, Inc. - Common Stock"
UNHG,Leverage Shares 2X Long UNH Daily ETF
UNIT,Uniti Group Inc. - Common Stock
UNIY,WisdomTree Voya Yield Enhanced USD Universal Bond Fund
UNTY,"Unity Bancorp, Inc. - Common Stock"
UOKA,MDJM LTD - Ordinary Shares
UONE,"Urban One, Inc.  - Class A Common Stock"
UONEK,"Urban One, Inc.  - Class D Common Stock"
UPB,"Upstream Bio, Inc. - Common Stock"
UPBD,"Upbound Group, Inc. - Common Stock"
UPC,Universe Pharmaceuticals Inc - Ordinary Shares
UPGR,Xtrackers US Green Infrastructure Select Equity ETF
UPLD,"Upland Software, Inc. - Common Stock"
UPST,"Upstart Holdings, Inc. - Common stock"
UPWK,Upwork Inc. - Common Stock
UPXI,"Upexi, Inc. - Common Stock"
URBN,"Urban Outfitters, Inc. - Common Stock"
URGN,UroGen Pharma Ltd. - Ordinary Shares
URNJ,Sprott Junior Uranium Miners ETF
UROY,Uranium Royalty Corp. - Common Stock
USAF,Atlas America Fund
USAR,"USA Rare Earth, Inc. - Common Stock"
USARW,"USA Rare Earth, Inc. - Warrant"
USAU,U.S. Gold Corp. - Common Stock
USCB,"USCB Financial Holdings, Inc.  - Class A Common Stock"
USCL,iShares Climate Conscious & Transition MSCI USA ETF
USDX,SGI Enhanced Core ETF
USEA,United Maritime Corporation - Common Stock
USEG,U.S. Energy Corp. - Common Stock
USFI,BrandywineGLOBAL - U.S. Fixed Income ETF
USGO,U.S. GoldMining Inc. - Common stock
USGOW,U.S. GoldMining Inc. - Warrant
USIG,iShares Broad USD Investment Grade Corporate Bond ETF
USIN,WisdomTree 7-10 Year Laddered Treasury Fund
USIO,"Usio, Inc. - Common Stock"
USLM,"United States Lime & Minerals, Inc. - Common Stock"
USMC,Principal U.S. Mega-Cap ETF
USOI,"ETRACS Crude Oil Shares Covered Call ETNs due April 24, 2037"
USOY,Defiance Oil Enhanced Options Income ETF
USRD,Themes US R&D Champions ETF
USSH,WisdomTree 1-3 Year Laddered Treasury Fund
USTB,VictoryShares Short-Term Bond ETF
USVM,VictoryShares US Small Mid Cap Value Momentum ETF
USVN,US Treasury 7 Year Note ETF
USXF,iShares ESG Advanced MSCI USA ETF
UTEN,US Treasury 10 Year Note ETF
UTHR,United Therapeutics Corporation - Common Stock
UTHY,US Treasury 30 Year Bond ETF
UTMD,"Utah Medical Products, Inc. - Common Stock"
UTRE,US Treasury 3 Year Note ETF
UTSI,UTStarcom Holdings Corp - Ordinary Shares
UTWO,US Treasury 2 Year Note ETF
UTWY,US Treasury 20 Year Bond ETF
UVSP,Univest Financial Corporation - Common Stock
UXIN,Uxin Limited - American Depositary Shares
UYLD,Angel Oak UltraShort Income ETF
UYSC,UY Scuti Acquisition Corp. - Ordinary Shares
UYSCR,UY Scuti Acquisition Corp. - Rights
UYSCU,UY Scuti Acquisition Corp. - Units
VABK,Virginia National Bankshares Corporation - Common Stock
VACH,Voyager Acquisition Corp - Class A Ordinary Shares
VACHU,Voyager Acquisition Corp - Unit
VACHW,Voyager Acquisition Corp - Warrants
VALN,Valneva SE - American Depositary Shares
VALU,"Value Line, Inc. - Common Stock"
VANI,"Vivani Medical, Inc.  - Common Stock"
VBIL,Vanguard 0-3 Month Treasury Bill ETF
VBIX,Viewbix Inc. - Common Stock
VBNK,VersaBank - Common Shares
VBTX,"Veritex Holdings, Inc. - Common Stock"
VC,Visteon Corporation - Common Stock
VCEL,Vericel Corporation - Common Stock
VCIC,Vine Hill Capital Investment Corp. - Class A Ordinary Shares
VCICU,Vine Hill Capital Investment Corp. - Unit
VCICW,Vine Hill Capital Investment Corp. - Warrant
VCIG,VCI Global Limited - Ordinary Share
VCIT,Vanguard Intermediate-Term Corporate Bond ETF
VCLT,Vanguard Long-Term Corporate Bond ETF
VCRB,Vanguard Core Bond ETF
VCSH,Vanguard Short-Term Corporate Bond ETF
VCTR,"Victory Capital Holdings, Inc. - Common Stock"
VCYT,"Veracyte, Inc. - Common Stock"
VECO,Veeco Instruments Inc. - Common Stock
VEEA,Veea Inc. - Common Stock
VEEAW,Veea Inc. - Warrant
VEEE,Twin Vee PowerCats Co. - Common Stock
VELO,"Velo3D, Inc. - Common stock"
VEON,VEON Ltd. - American Depositary Shares
VERA,"Vera Therapeutics, Inc. - Class A Common Stock"
VERB,"Verb Technology Company, Inc. - Common Stock"
VERI,"Veritone, Inc. - Common Stock"
VERO,Venus Concept Inc.  - Common Stock
VERU,Veru Inc. - Common Stock
VERX,"Vertex, Inc. - Class A Common Stock"
VFF,"Village Farms International, Inc. - Common Shares"
VFLO,VictoryShares Free Cash Flow ETF
VFS,VinFast Auto Ltd. - Ordinary Shares
VFSWW,VinFast Auto Ltd. - Warrant
VGAS,"Verde Clean Fuels, Inc. - Class A Common Stock"
VGASW,"Verde Clean Fuels, Inc. - Warrant"
VGIT,Vanguard Intermediate-Term Treasury ETF
VGLT,Vanguard Long-Term Treasury ETF
VGSH,Vanguard Short-Term Treasury ETF
VGSR,Vert Global Sustainable Real Estate ETF
VGUS,Vanguard Ultra-Short Treasury ETF
VIASP,"Via Renewables, Inc. - 8.75% Series A Fixed-to-Floating Rate Cumulative Redeemable Perpetual Preferred Stock"
VIAV,Viavi Solutions Inc. - Common Stock
VICR,Vicor Corporation - Common Stock
VIGI,Vanguard International Dividend Appreciation ETF
VINP,Vinci Compass Investments Ltd. - Class A Common Shares
VIOT,"Viomi Technology Co., Ltd - American Depositary Shares"
VIR,"Vir Biotechnology, Inc. - Common Stock"
VIRC,Virco Manufacturing Corporation - Common Stock
VITL,"Vital Farms, Inc. - Common Stock"
VIVK,"Vivakor, Inc. - Common Stock"
VIVS,"VivoSim Labs, Inc. - Common Stock"
VIXI,Defiance Enhanced Long Vol ETF
VKTX,"Viking Therapeutics, Inc. - Common Stock"
VLGEA,"Village Super Market, Inc. - Class A Common Stock"
VLY,Valley National Bancorp - Common Stock
VLYPN,"Valley National Bancorp - 8.250% Fixed-Rate Reset Non-Cumulative Perpetual Preferred Stock, Series C"
VLYPO,Valley National Bancorp - 5.5% Fixed to Floating Rate Series B Non-Cumulative Perpetual Preferred Stock
VLYPP,Valley National Bancorp - 6.25% Fixed-to-Floating Rate Series A Non-Cumulative Perpetual Preferred Stock
VMAR,Vision Marine Technologies Inc. - Common Shares
VMBS,Vanguard Mortgage-Backed Securities ETF
VMD,"Viemed Healthcare, Inc. - Common Shares"
VMEO,"Vimeo, Inc. - Common Stock"
VNDA,Vanda Pharmaceuticals Inc. - Common Stock
VNET,"VNET Group, Inc. - American Depositary Shares"
VNME,Vendome Acquisition Corporation I - Class A Ordinary Shares
VNMEU,Vendome Acquisition Corporation I - Unit
VNMEW,Vendome Acquisition Corporation I - Warrant
VNOM,"Viper Energy, Inc.  - Class A Common Stock"
VNQI,Vanguard Global ex-U.S. Real Estate ETF
VOD,Vodafone Group Plc - American Depositary Shares each representing ten Ordinary Shares
VOLT,Tema Electrification ETF
VONE,Vanguard Russell 1000 ETF
VONG,Vanguard Russell 1000 Growth ETF
VONV,Vanguard Russell 1000 Value ETF
VOR,Vor Biopharma Inc. - Common Stock
VOTE,TCW Transform 500 ETF
VOXR,Vox Royalty Corp. - common stock
VPLS,Vanguard Core Plus Bond ETF
VRA,"Vera Bradley, Inc. - Common Stock"
VRAR,"The Glimpse Group, Inc. - Common Stock"
VRAX,Virax Biolabs Group Limited - Ordinary Shares
VRCA,Verrica Pharmaceuticals Inc. - Common Stock
VRDN,"Viridian Therapeutics, Inc.  - Common Stock"
VREX,Varex Imaging Corporation - Common Stock
VRIG,Invesco Variable Rate Investment Grade ETF
VRM,"Vroom, Inc. - Common Stock"
VRME,"VerifyMe, Inc. - Common Stock"
VRNA,Verona Pharma plc - American Depositary Shares
VRNS,"Varonis Systems, Inc. - Common Stock"
VRNT,Verint Systems Inc. - Common Stock
VRRM,Verra Mobility Corporation - Class A Common Stock
VRSK,"Verisk Analytics, Inc. - Common Stock"
VRSN,"VeriSign, Inc. - Common Stock"
VRTL,GraniteShares 2x Long VRT Daily ETF
VRTX,Vertex Pharmaceuticals Incorporated - Common Stock
VS,Versus Systems Inc. - Common Stock
VSA,TCTM Kids IT Education Inc. - American Depositary Shares
VSAT,"ViaSat, Inc. - Common Stock"
VSDA,VictoryShares Dividend Accelerator ETF
VSEC,VSE Corporation - Common Stock
VSEE,"VSee Health, Inc. - Common Stock"
VSEEW,"VSee Health, Inc. - Warrant"
VSME,VS Media Holdings Limited - Class A Ordinary Shares
VSMV,VictoryShares US Multi-Factor Minimum Volatility ETF
VSSYW,Versus Systems Inc. - Class A Warrants
VSTA,Vasta Platform Limited - Class A Ordinary Shares
VSTL,Defiance Daily Target 2X Long VST ETF
VSTM,"Verastem, Inc. - Common Stock"
VTC,Vanguard Total Corporate Bond ETF
VTGN,"Vistagen Therapeutics, Inc. - Common Stock"
VTHR,Vanguard Russell 3000 ETF
VTIP,Vanguard Short-Term Inflation-Protected Securities Index Fund ETF Shares
VTRS,Viatris Inc. - Common Stock
VTSI,"VirTra, Inc. - Common Stock"
VTVT,vTv Therapeutics Inc. - Class A Common Stock
VTWG,Vanguard Russell 2000 Growth ETF
VTWO,Vanguard Russell 2000 ETF
VTWV,Vanguard Russell 2000 Value ETF
VTYX,"Ventyx Biosciences, Inc. - Common Stock"
VUZI,Vuzix Corporation  - Common Stock
VVOS,"Vivos Therapeutics, Inc. - Common Stock"
VVPR,VivoPower International PLC - Ordinary Shares
VWAV,"VisionWave Holdings, Inc. - Common Stock"
VWAVW,"VisionWave Holdings, Inc. - Warrant"
VWOB,Vanguard Emerging Markets Government Bond ETF
VXUS,Vanguard Total International Stock ETF
VYGR,"Voyager Therapeutics, Inc. - Common Stock"
VYMI,Vanguard International High Dividend Yield ETF
VYNE,VYNE Therapeutics Inc. - Common Stock
WABC,Westamerica Bancorporation - Common Stock
WABF,Western Asset Bond ETF
WAFD,"WaFd, Inc. - Common Stock"
WAFDP,"WaFd, Inc. - Depositary Shares"
WAFU,Wah Fu Education Group Limited - Ordinary Shares
WAI,Top KingWin Ltd - Class A Ordinary Shares
WALD,Waldencast plc - Class A Ordinary Share
WALDW,Waldencast plc - Warrant
WASH,"Washington Trust Bancorp, Inc. - Common Stock"
WATT,Energous Corporation - Common Stock
WAVE,Eco Wave Power Global AB (publ) - American Depositary Shares
WAY,Waystar Holding Corp. - Common Stock
WB,Weibo Corporation - American Depositary Shares
WBD,"Warner Bros. Discovery, Inc. - Series A Common Stock"
WBTN,WEBTOON Entertainment Inc. - Common stock
WBUY,WEBUY GLOBAL LTD. - Class A Ordinary Shares
WCBR,WisdomTree Cybersecurity Fund
WCLD,WisdomTree Cloud Computing Fund
WCT,Wellchange Holdings Company Limited - Class A Ordinary shares
WDAY,"Workday, Inc. - Class A Common Stock"
WDC,Western Digital Corporation - Common Stock
WDFC,WD-40 Company - Common Stock
WEEI,Westwood Salient Enhanced Energy Income ETF
WEN,Wendy's Company (The) - Common Stock
WENN,Wen Acquisition Corp - Class A Ordinary Shares
WENNU,Wen Acquisition Corp - Unit
WENNW,Wen Acquisition Corp - Warrant
WERN,"Werner Enterprises, Inc. - Common Stock"
WEST,Westrock Coffee Company - Common Stock
WETH,Wetouch Technology Inc. - Common Stock
WETO,Webus International Limited - Ordinary Shares
WEYS,"Weyco Group, Inc. - Common Stock"
WFCF,"Where Food Comes From, Inc. - Common Stock"
WFF,WF Holding Limited - Ordinary Shares
WFRD,Weatherford International plc - Ordinary shares
WGMI,CoinShares Bitcoin Mining ETF
WGRX,"Wellgistics Health, Inc. - Common Stock"
WGS,GeneDx Holdings Corp. - Class A Common Stock
WGSWW,GeneDx Holdings Corp. - Warrant
WHF,"WhiteHorse Finance, Inc. - Closed End Fund"
WHFCL,"WhiteHorse Finance, Inc. - 7.875% Notes due 2028"
WHLR,"Wheeler Real Estate Investment Trust, Inc. - Common Stock"
WHLRD,"Wheeler Real Estate Investment Trust, Inc. - Series D Cumulative Preferred Stock"
WHLRL,"Wheeler Real Estate Investment Trust, Inc. - 7.00% Senior Subordinated Convertible Notes Due 2031"
WHLRP,"Wheeler Real Estate Investment Trust, Inc. - Series B Preferred Stock"
WHWK,"Whitehawk Therapeutics, Inc. - Common Stock"
WILC,"G. Willi-Food International,  Ltd. - Ordinary Shares"
WIMI,WiMi Hologram Cloud Inc. - Class B Ordinary Shares
WINA,Winmark Corporation - Common Stock
WING,Wingstop Inc. - Common Stock
WISE,Themes Generative Artificial Intelligence ETF
WIX,Wix.com Ltd. - Ordinary Shares
WKEY,WISeKey International Holding Ltd - American Depositary Shares
WKHS,"Workhorse Group, Inc. - Common Stock"
WKSP,"Worksport, Ltd. - Common Stock"
WLAC,Willow Lane Acquisition Corp. - Class A Ordinary Shares
WLACU,Willow Lane Acquisition Corp. - Unit
WLACW,Willow Lane Acquisition Corp. - Warrants
WLDN,"Willdan Group, Inc. - Common Stock"
WLDS,Wearable Devices Ltd. - Ordinary Share
WLDSW,Wearable Devices Ltd. - Warrant
WLFC,Willis Lease Finance Corporation - Common Stock
WMG,Warner Music Group Corp. - Class A Common Stock
WNEB,"Western New England Bancorp, Inc. - Common Stock"
WNW,Meiwu Technology Company Limited - Ordinary Shares
WOK,WORK Medical Technology Group LTD - Class A Ordinary Shares
WOOD,iShares Global Timber & Forestry ETF
WOOF,"Petco Health and Wellness Company, Inc. - Class A Common Stock"
WORX,SCWorx Corp. - Common Stock
WPRT,Westport Fuel Systems Inc - Common Shares
WRAP,"Wrap Technologies, Inc. - Common Stock"
WRD,WeRide Inc. - American Depositary Shares
WRLD,World Acceptance Corporation - Common Stock
WRND,NYLI Global Equity R&D Leaders ETF
WSBC,"WesBanco, Inc. - Common Stock"
WSBCP,"WesBanco, Inc. - Depositary Shares, Each Representing a 1/40th Interest in a Share of 6.75% Fixed-Rate Reset Non-Cumulative Perpetual Preferred Stock, Series A"
WSBF,"Waterstone Financial, Inc. - Common Stock"
WSBK,"Winchester Bancorp, Inc. - Common Stock"
WSC,WillScot Holdings Corporation - Class A Common Stock
WSFS,WSFS Financial Corporation - Common Stock
WSML,iShares MSCI World Small-Cap ETF
WTBA,West Bancorporation - Common Stock
WTBN,WisdomTree Bianco Total Return Fund
WTF,Waton Financial Limited - Ordinary Shares
WTFC,Wintrust Financial Corporation - Common Stock
WTFCN,"Wintrust Financial Corporation - Depositary Shares, Each Representing a 1/1,000th Interest in a Share of 7.875% Fixed-Rate Reset Non-Cumulative Perpetual Preferred Stock, Series F, no par value, with a liquidation preference of $25,000 per share"
WTG,Wintergreen Acquisition Corp. - Ordinary Shares
WTGUR,Wintergreen Acquisition Corp. - Rights
WTGUU,Wintergreen Acquisition Corp. - Unit
WTIP,WisdomTree Inflation Plus Fund
WTMU,WisdomTree Core Laddered Municipal Fund
WTMY,WisdomTree High Income Laddered Municipal Fund
WTO,UTime Limited - Ordinary Shares
WTW,Willis Towers Watson Public Limited Company - Ordinary Shares
WULF,TeraWulf Inc. - Common Stock
WVE,Wave Life Sciences Ltd. - Ordinary Shares
WVVI,"Willamette Valley Vineyards, Inc. - Common Stock"
WVVIP,"Willamette Valley Vineyards, Inc. - Series A Redeemable Preferred Stock"
WW,"WW International, Inc.  - Common Stock"
WWD,"Woodward, Inc. - Common Stock"
WXM,WF International Limited - Ordinary Shares
WYFI,"WhiteFiber, Inc. - Ordinary Shares"
WYHG,Wing Yip Food Holdings Group Limited - American Depositary Shares
WYNN,"Wynn Resorts, Limited - Common Stock"
XAGE,"Longevity Health Holdings, Inc. - Common Stock"
XAGEW,"Longevity Health Holdings, Inc. - Warrant"
XAIR,"Beyond Air, Inc. - Common Stock"
XAIX,Xtrackers Artificial Intelligence and Big Data ETF
XBIL,US Treasury 6 Month Bill ETF
XBIO,"Xenetic Biosciences, Inc. - Common Stock"
XBIT,XBiotech Inc. - Common Stock
XBP,"XBP Global Holdings, Inc. - Common Stock"
XBPEW,"XBP Global Holdings, Inc. - Warrant"
XBTY,GraniteShares YieldBOOST Bitcoin ETF
XCH,XCHG Limited - ADS
XCNY,SPDR S&P Emerging Markets ex-China ETF
XCUR,"Exicure, Inc. - Common Stock"
XEL,Xcel Energy Inc. - Common Stock
XELB,"Xcel Brands, Inc - Common Stock"
XENE,Xenon Pharmaceuticals Inc. - Common Shares
XERS,"Xeris Biopharma Holdings, Inc. - Common Stock"
XFIX,F/m Opportunistic Income ETF
XFOR,"X4 Pharmaceuticals, Inc. - Common Stock"
XGN,Exagen Inc. - Common Stock
XHG,XChange TEC.INC - American Depositary Shares
XHLD,"TEN Holdings, Inc. - Common Stock"
XLO,"Xilio Therapeutics, Inc. - Common Stock"
XMAG,Defiance Large Cap ex-Mag 7 ETF
XMTR,"Xometry, Inc. - Class A Common Stock"
XNCR,"Xencor, Inc. - Common Stock"
XNET,Xunlei Limited - American Depositary Shares
XOMA,XOMA Royalty Corporation - Common Stock
XOMAO,XOMA Royalty Corporation - Depositary Shares Rep Series B 8.375% Cumulative Preferred Stock
XOMAP,XOMA Royalty Corporation - 8.625% Series A Cumulative Perpetual Preferred Stock
XOMX,Direxion Daily XOM Bull 2X Shares
XOMZ,Direxion Daily XOM Bear 1X Shares
XOS,"Xos, Inc. - Common Stock"
XOSWW,"Xos, Inc. - Warrants"
XOVR,ERShares Private-Public Crossover ETF
XP,XP Inc. - Class A Common Stock
XPEL,"XPEL, Inc. - Common Stock"
XPON,Expion360 Inc. - Common Stock
XRAY,DENTSPLY SIRONA Inc. - Common Stock
XRPI,Volatility Shares Trust XRP ETF
XRPT,Volatility Shares Trust XRP 2X ETF
XRTX,XORTX Therapeutics Inc. - Common Stock
XRX,Xerox Holdings Corporation - Common Stock
XT,iShares Exponential Technologies ETF
XTIA,"XTI Aerospace, Inc. Common Stock  - Common Stock"
XTKG,"X3 Holdings Co., Ltd. - Ordinary Shares"
XTLB,XTL Biopharmaceuticals Ltd. - American Depositary Shares
XWEL,"XWELL, Inc. - Common Stock"
XXII,"22nd Century Group, Inc - Common Stock"
XYZG,Leverage Shares 2X Long XYZ Daily ETF
YAAS,Youxin Technology Ltd - Class A Ordinary shares
YB,Yuanbao Inc. - American Depositary Shares
YDES,YD Bio Limited - Ordinary Shares
YDESW,YD Bio Limited - Warrants
YGMZ,MingZhu Logistics Holdings Limited - Ordinary Shares
YHC,LQR House Inc. - Common Stock
YHGJ,Yunhong Green CTI Ltd. - Common Stock
YHNA,YHN Acquisition I Limited - Ordinary Shares
YHNAR,YHN Acquisition I Limited - Right
YHNAU,YHN Acquisition I Limited - Unit
YI,"111, Inc. - American Depositary Shares"
YIBO,Planet Image International Limited - Class A Ordinary Shares
YJ,Yunji Inc. - American Depository Shares
YLDE,Franklin ClearBridge Enhanced Income ETF
YMAB,"Y-mAbs Therapeutics, Inc. - Common Stock"
YMAT,"J-Star Holding Co., Ltd. - Ordinary Shares"
YMT,Yimutian Inc. - American Depositary Shares; each representing 25 Class A ordinary shares
YNOT,Horizon Digital Frontier ETF
YOKE,YOKE Core ETF
YORK,Yorkville Acquisition Corp. - Class A Ordinary Share
YORKU,Yorkville Acquisition Corp. - Unit
YORKW,Yorkville Acquisition Corp. - Warrant
YORW,The York Water Company - Common Stock
YOSH,Yoshiharu Global Co. - Class A Common Stock
YOUL,Youlife Group Inc. - American Depositary Shares
YQ,17 Education & Technology Group Inc. - American Depositary Shares
YQQQ,YieldMax Short N100 Option Income Strategy ETF
YSPY,GraniteShares YieldBOOST SPY ETF
YSXT,"YSX Tech. Co., Ltd  - Class A Ordinary Shares"
YTRA,"Yatra Online, Inc. - Ordinary Shares"
YXT,YXT.COM GROUP HOLDING LIMITED - American Depository Shares
YYAI,Connexa Sports Technologies Inc. - Common Stock
YYGH,YY Group Holding Limited - Class A Ordinary Shares
Z,"Zillow Group, Inc. - Class C Capital Stock"
ZAP,Global X U.S. Electrification ETF
ZAZZT,Tick Pilot Test Stock Class A Common Stock
ZBAI,ATIF Holdings Limited - Ordinary Shares
ZBAO,Zhibao Technology Inc. - Class A Ordinary Shares
ZBIO,"Zenas BioPharma, Inc. - Common Stock"
ZBRA,Zebra Technologies Corporation - Class A Common Stock
ZBZZT,Test Pilot Test Stock Class B Common Stock
ZCMD,Zhongchao Inc. - Class A Ordinary Shares
ZCZZT,Tick Pilot Test Stock Class C
ZD,"Ziff Davis, Inc. - Common Stock"
ZDAI,Primega Group Holdings Limited - Ordinary Shares
ZENA,"ZenaTech, Inc. - Common Stock"
ZENV,Zenvia Inc. - Class A Common Stock
ZEO,Zeo Energy Corporation - Class A Common Stock
ZEOWW,Zeo Energy Corporation - Warrants
ZEUS,"Olympic Steel, Inc. - Common Stock"
ZFZZT,Nasdaq ETF Test Stock Nasdaq ETF Test Stock
ZG,"Zillow Group, Inc. - Class A Common Stock"
ZIMV,ZimVie Inc. - Common Stock
ZION,Zions Bancorporation N.A. - Common Stock
ZIONP,Zions Bancorporation N.A. - Depositary Shares each representing a 1/40th ownership interest in a share of Series A Floating-Rate Non-Cumulative Perpetual Preferred Stock
ZIPP,STKd 100% UBER & 100% TSLA ETF
ZJK,"ZJK Industrial Co., Ltd. - Ordinary Shares"
ZJYL,JIN MEDICAL INTERNATIONAL LTD. - Ordinary Shares
ZJZZT,NASDAQ TEST STOCK
ZKIN,"ZK International Group Co., Ltd - Ordinary Share"
ZLAB,Zai Lab Limited - American Depositary Shares
ZM,"Zoom Communications, Inc. - Class A Common Stock"
ZNB,Zeta Network Group - Class A Ordinary Shares
ZNTL,"Zentalis Pharmaceuticals, Inc. - common stock"
ZOOZ,ZOOZ Power Ltd. - Ordinary Shares
ZOOZW,ZOOZ Power Ltd. - Warrant
ZS,"Zscaler, Inc. - Common Stock"
ZSPC,"zSpace, Inc. - Common stock"
ZTEK,Zentek Ltd. - common stock
ZTEN,F/m 10-Year Investment Grade Corporate Bond ETF
ZTOP,F/m High Yield 100 ETF
ZTRE,F/m 3-Year Investment Grade Corporate Bond ETF
ZTWO,F/m 2-Year Investment Grade Corporate Bond ETF
ZUMZ,Zumiez Inc. - Common Stock
ZURA,Zura Bio Limited - Class A Ordinary shares
ZVRA,"Zevra Therapeutics, Inc.  - Common Stock"
ZVZZT,NASDAQ TEST STOCK
ZWZZT,NASDAQ TEST STOCK
ZXYZ.A,Nasdaq Symbology Test Common Stock
ZXZZT,NASDAQ TEST STOCK
ZYBT,Zhengye Biotechnology Holding Limited - Ordinary Shares
ZYME,Zymeworks Inc. - Common Stock
ZYXI,"Zynex, Inc. - Common Stock"
ZZZ,Cyber Hornet S&P 500 and Bitcoin 75/25 Strategy ETF
true,"TrueCar, Inc. - Common Stock"
null,null